40A52300-6C40-CF74-C5A6-2159389732ED,Smart80PortSmi
077A3100-1667-45FA-B98C-37651B5073EE,TpmSmbiosDxe
ECEBCB00-D9C8-11E4-AF3D-8CDCD426C973,HttpBootDxe
580DD900-385D-11D7-883A-00500473D4EB,Uhcd
8F5A2E02-538C-4D59-B920-C4786ACBC552,Ahci
02C5A102-58EA-4E53-8BE1-6ED1ACAA708A,AmdMemoryHobInfoPeimRpl
03A8E402-2AB7-46B3-B591-740383796B82,AmdMemChanXLatDummyPei
468E7B03-0922-4BB5-9FBB-EF15C071F056,AmdCpmOemAcpiSsdt
23B4BD04-198C-4A11-B65A-A52B33C98C18,AmiHspFtpmAcpi
77EB6C06-FD48-488B-A1B3-AE0A70801369,CryptoDXE
64E6D006-E62A-481E-8F5A-3F76C9184741,AmdSmmCommunication
9BFE0707-8174-4B8A-A5F5-556FB10E8843,RTCWakeup
2E9C3108-7C31-4728-8D61-F9EC77692383,AmdNbioGfxRPLPei
25637508-7EFC-4EA5-A582-CF796402D181,RealtekLanDxe
80E66E0A-CCD1-43FA-A7B1-2D5EE0F13910,PciRootBridge
1C98780A-C67D-4D9B-A9D8-4AC0487A6D6E,PcdRecoveryPei
42857F0A-13F2-4B21-8A23-53D3F714B840,CapsuleRuntimeDxe
1B45CC0A-156A-428A-AF62-49864DA0E6E6,PEI apriori file
7AB0F90A-BDF8-4010-A434-4329FB61330D,SmBusPei
05CA020B-0FC1-11DC-9011-00173153EBA8,AMI ROM hole
0FD41E0B-C4DF-4B4B-863D-17C0DBD6EF56,SbSmi
C7A7030C-C3D8-45EE-BED9-5D9E76762953,MouseDriver
9A09E60C-50F2-4602-9248-1F29382DDF3B,AmdCpmAudioFeatureDxe
1807040D-5934-41A2-A088-8E0F777F71AB,NvramDxe
CDC1C80D-E6D3-4A42-9229-75F3BEFCF109,PciOutOfResourceSetupPage
4A6D890F-93C3-4B6D-A67D-5F2C4DCE347B,RuntimeSmm
2366C20F-E15A-11E3-8BF1-E4115B28BC50,HttpDxe
30AF4110-A58E-4EF7-8C75-B725939B3B9F,AmdCpmDisplayFeatureSmm
58EE5E10-D0CF-4071-B1D7-980236E71412,GnbPhoenixRouting
58EE5E10-D0CF-4071-B1D7-980236E71E30,GnbGraniteRidgeRouting
58EE5E10-D0CF-4071-B1D7-980236E71E4E,GnbRaphaelRouting
05CDF411-F3C1-4B12-AA64-21416E18A13C,AmdCpmSharedBSmm
52C05B14-0B98-496C-BC3B-04B50211D680,PeiCore
4DF75915-6C88-4EF4-995D-834D866DBD20,CpuSetAgesaPcd
8ACF9B15-E80E-427F-B17A-B6E12D946A9D,OemDxe
9F3A0016-AE55-4288-829D-D55FD3AAC347,AmiBoardInfo2
A1A38D16-5CD1-4109-BE88-BF0DB27A9838,CbsBaseDxeRPL
54AB7A17-AD08-4F86-83C2-4CF398EBC0AD,SkPostErrDxe
52B5EA17-0F8E-4C98-BA05-BED396099AF8,SkOcPei
94734718-0BBC-47FB-96A5-EE7A5AE6A2AD,Dhcp4Dxe
A2627D18-010B-45B8-AD38-AB01691FC850,AmdHspConfigPei
70E1A818-0BE1-4449-BFD4-9EF68C7F02A8,ReFlash
999BD818-7DF7-4A9A-A502-9B75033E6A0F,EsrtDxe
30A5E718-39CA-441C-BED3-F4A3A931458D,FchProm21SmmInit
6298FE18-D5EF-42B7-BB0C-2953283F5704,SleepSmi
6298FE18-D5EF-42B7-BB0C-295328569842,ResetSmi
56B70419-7103-4D0E-83F4-F3546BD21E40,EzFileBrowser
EEFD5E19-571C-4397-AB3C-A7EFAC1A2A44,SkOcGnrPei
80D7491A-F7D9-479D-A8F7-1B393B02ED66,FastBootRuntime
BDAD7D1A-4C48-4C75-B5BC-D002D17F6397,AhciRecovery
39E8CA1A-7A69-4A73-834A-D06381933286,UsbPei
3297DA1A-161B-4D35-BCAC-D1597B6BDC01,CbsBasePeiPHX
654FE61A-2EDA-4749-A76A-56ED7ADE1CBE,CmosPei
3FBD651B-5F0B-47AF-BE25-AE35C63C8D5C,AmiCpmWrapperPei
9BEA1D1C-D130-42FF-BBFB-1B9DA3933DDD,SecureBioXhci
6169AB1C-B05F-4D9C-AFEA-192911E41CE2,AmdPspSmmV2
8FB4CD1D-0660-466E-8ED0-AD723FD7DBAE,AmdNbioAlibRPLDxe
4E82091E-32A1-4689-8A00-CDE41ED63CDD,SioDxeInit
442BA91E-B0A8-499F-94F7-2E922C9AAE0D,AodDxe
A062CF1F-8473-4AA3-8793-600BC4FFE9A8,CsmDxe
8434DA1F-5CEB-402E-A93C-038CBE0F3F0E,OA3_SMM
7ECD9C20-68B9-4A6F-B515-D64FF500B109,FsRecovery
C56EDB22-3D78-4705-A222-BDD6BD154DA0,TpmClearOnRollbackSmm
72120D23-40FF-4AB5-855C-C8C6DE9AAE54,FchSmmDiagDispatcher
54615123-39EE-49EA-8FFD-9F2E358A400B,SkSmartFanCtrlPei
52A9B223-FAB8-4A24-AEA6-461A59BD3F33,AmdSmbiosDxe
0A845224-8675-4241-8AE9-4D94C93DEB90,PauseKey
E7428F24-EF0C-4AE4-B521-9D247494900E,SkOnBoardDeviceOprom
C1FBD624-27EA-40D1-AA48-94C3DC5C7E0D,SbPei
86D70125-BAA3-4296-A62F-602BEBBB9081,DxeIpl
61422D26-81EC-47FF-B6CF-939EAEE73FBA,StatusCodeDxe
5E940B28-B4AE-451C-AB8D-55F992B017F8,SkOcGnrDxe
FC7A2E28-EF78-4472-8B17-B8BB0024616E,UefiRaid
C1989929-65E7-4308-BF56-7C8E657CBC17,AmdCpmWifiBandRf
849E502A-75B6-4F9C-AD12-1E01F1DC0C40,AmdAgesaParameterGroupPei
3F4CDD2B-A713-4443-A253-7EB22B71730E,BctBaseSmmRPL
9622E42C-8E38-4A08-9E8F-54F784652F6B,AcpiTableDxe
87EA012D-CBAD-44C1-8431-61193A060941,PeriodicSmiControl
1BA0062E-C779-4582-8566-336AE8F78F09,Volume Top File
AB7ED12E-1D78-4635-AB87-23F00A911EC7,RomLayoutDxe
2848A12F-3F86-47C7-81D8-D3FD47B205B2,CbsSetupDxeRPL
29D40F30-E8BF-4803-88A6-4247A29A5318,AmdVersionDxe
316B1230-0500-4592-8C09-EABA0FB6B078,SmmPcieSataController
316B1230-0500-4592-8C09-EABA0FB6B07F,SmmHddSecurity
48569430-485F-4ACC-A184-B35D11CB7560,AmdCpmUcsiDxe
67820532-7613-4DD3-9ED7-3D9BE3A7DA63,Aint13
90DDA332-2600-4808-9689-F5C48F2D6F6E,SkOcPhxDxe
2688B232-9C02-4C12-BE1F-857C0FF2AAE3,TcgDxeplatform
50578334-FCFD-4DCA-B3AF-47DD76E946CF,AmdNbioDxe
838DCF34-907B-4D55-9A4B-A0EF7167B5F4,NvramPei
33FB3535-F15E-4C17-B303-5EB94595ECB6,SmmLockBox
41B13735-0E0A-4F67-96D1-B15DA28205FA,SkNct6796DDxe
B7EE4835-84CE-4B15-BF52-2D11574CE470,HardwareSignatureEntry
CCDF4E35-4C7F-4C7B-B3FF-58373C3AAC25,ProjectDxe
B981A835-6EE8-4F4C-AE0B-210AA0BFBF01,RngDxe
C9A6DE36-FDFF-4FAF-8343-85D9E3470F43,NvmeInt13
DEF30E37-7AEC-4F69-91A2-CF099E2729F2,PciTableInit
07393E37-7104-48D9-88F0-FB8A501E167B,ApobGnrPei
E9312938-E56B-4614-A252-CF7D2F377E26,AmiTcgPlatformPeiBeforeMem
E2A74738-8934-48F5-8412-99E948C8DC1B,SmbiosDmiEdit
79839D38-DD05-489C-B3EF-F27BDA08E572,AmiAgesaSxSmi
B13EDD38-684C-41ED-A305-D7B7E32497DF,Smbios
C27B193A-D076-4AC6-8DA1-7AC67B4ACA06,ProjectPei
3924C33A-125E-40A8-8450-38C6671E021D,AmdNbioPei
1925903D-3FAA-4A91-A257-448F4513B309,AmdNbioPciePei
7A9AF73D-7BD1-0694-E217-528232E9D368,Smart80PortPei
EF9A853E-2DF3-48ED-91E5-6232668C4DB1,CbsSetupSmmPhx
16D0A23E-C09C-407D-A14A-AD058FDD0CA1,ACPI
4759E93E-8F44-448F-88A1-BD97FC47BEA5,AmdPspP2CmboxV2
9029F23E-E1EE-40D1-9382-36DD61A63EAA,NCT6796DPeiInit
391B853F-F488-479B-A3D6-870766C7A38F,CryptoSmm
8E199D3F-3A74-492B-8CB3-93D668D87D07,IsRecovery
B219E140-DFFC-11E3-B956-0022681E6906,DnsDxe
0C989D41-F4B4-4244-9D7F-E9FFB4163273,FastBootOption
2D59F041-53A4-40D0-A6CD-844DC0DFEF17,SmmS3SaveState
AC991242-FBB0-42FA-AEF4-AA9746FD68E1,SmuV13Dxe
49EE9942-FF9C-5CD5-6C61-2A015C10A524,AmdMemFailSafeBootDxe
AC80A942-12F1-4296-922E-30E91F751412,SbSocPhoenixDxe
AC80A942-12F1-4296-922E-30E91F753930,SbSocGraniteRidgeDxe
AC80A942-12F1-4296-922E-30E91F753975,SbSocRaphaelDxe
3DEC6443-30AA-44FD-979E-84B91D3C1412,SbSocPhoenixPei
3DEC6443-30AA-44FD-979E-84B91D3CEE30,SbSocGraniteRidgePei
3DEC6443-30AA-44FD-979E-84B91D3CEEFD,SbSocRaphaelPei
80030344-4BA0-4F2C-A6AC-1E0E928F2470,AmiAgesaSbPei
630FBB44-65DE-43BD-B503-8DE5914536B5,FchProm21GpioPei
30AF1245-A58E-4EF7-8C75-B725939B3B9F,AmdCpmInitSmm
D60CF145-F97C-4085-A73D-8D399757DFE9,AmiCpmWrapperDxe
E10C1F46-6ECB-47A7-BA9A-1C29D074A022,AmdSocAm5PhxPei
55073147-BE8A-493D-8342-BDFC17E7F2BA,AmdNbioBaseRplPei
28374747-76FF-41B3-9740-381EFAEF13BC,PspPlatformDriver
1ED46147-76E3-4171-BCE5-42D368D26AA6,DebugPortTableDxe
A8DDDD47-4A57-42D6-929A-484562DB4CD6,SkOcSmm
76864548-0261-410E-A8B4-01615BFA3E0A,FwKeyHobPei
C2D38A48-D3AC-43DA-A484-17F980864DEA,AmdHspFtpmPei
06BE9C49-717C-46C8-9848-E626B79FAA36,FchYuntaiSmmInit
C8E47E4A-5BF0-473C-AAE7-AA2AA83DC145,SkOcPhxPei
CBC59C4A-383A-41EB-A8EE-4498AEA567E4,FlashDriver
5EFDBD4A-64B1-4F21-8A53-A13E8740E6D7,FchYuntaiDsdt
71032D4B-4B91-4EC1-AD53-81827FB43108,AmdCpmGpioInitDxe
88AF984B-906F-455C-AAC4-FF7C23FD6581,WakeOnVoice
99E1114D-61F4-4658-873C-7BFCA65ADAD6,SkNct6796DPei
D6CC7A4D-440F-4FFC-879E-176CB5558118,FchSmmDispatcher
B304F34D-B27B-452C-8931-CF60A2F0D268,FchProm21GpioDxe
271B424E-A4CC-4E0E-90A2-7EA4841F12F3,ExportHiiDb
2216614E-CDBE-46E7-BA61-9BD2BC640393,AmiPspFlashSmm
221F1D4F-034C-4BEA-B2BB-B7A9672B06D7,CrbSmi
22EA234F-E72A-11E4-91F9-28D2447C4829,HttpUtilitiesDxe
7B668A4F-45E1-4A26-8DEC-81A4A1E58888,PspDxe
53BCC14F-C24F-434C-B294-8ED2D4CC1860,DataHubDxe
9B3ADA4F-AE56-4C24-8DEA-F03B7558AE50,PcdPeim
50D51651-E5EA-4C7A-9DEF-7CF8A63AFC91,AmdPspDxeV2Phx
71A37E51-F3C8-4B99-B335-A661CA8AD13A,AmdCpmOemInitDxe
71A37E51-F3C8-4B99-B335-A661CA8AD33A,AmdIncompatiblePci
B1BAC051-D5C2-4AC1-AC7D-9D2F518A1E7B,AmdApcbSmmV3
5E566252-4F6C-071A-485D-C0B6CD6D05EF,AmdPspP2CmboxV2SmmBuffer
A77C8452-0821-4544-AE47-257489855F91,AmiPspNvramDxe
01FB5D53-4FF9-4AD9-ADF5-7DC63659A1B2,PeiPciEnumeration
70456853-D70E-496C-B6B1-CF88A30BE1A9,AmdVersionPei
0FE9DA53-043D-4265-A94D-FD77FEDE2EB4,TcgPlatformSetupPeiPolicy
95CC7C54-FB3A-46A7-BCB1-3D68AA2BE526,AmiAgesaGnbDxe
9FB8AC55-D266-4F86-AC43-BF2BA74F5A7A,AmdCcxZen5Dxe
A5C02C56-19A7-43B5-A0D0-04518A1CA69E,AmdErrorPei
39045756-FCA3-49BD-8DAE-C7BAE8389AFF,Tcg2Dxe
FEA01457-E381-4135-9475-C6AFD0076C61,CryptoDxe
80CF7257-87AB-47F9-A3FE-D50B76D89541,PcdDxe
447A1B58-8F3E-4658-ABAA-9E7B2280B90A,NvramSmm
5AADEA58-008C-4D12-AA0D-C85889AAA73B,SbSetPcdPei
25ACF158-DD61-4E64-9A49-55851E9A26C7,CsmBlockIo
D27FED59-ABB4-4FED-BEAD-2A878C7E4A7E,SmbiosMeasurementDxe
805D1C5A-EF12-490A-9E7B-9F4AA2F97E73,AmiPspNvramSmm
ABABA95A-D374-4EEE-B78F-D3C252101772,AgesaFchWrapperPei
5229AE5A-AB8E-4693-A8FD-B7D7CBCE694C,PTSataController
0A9DB95A-0E4A-4816-8639-5BE4FFA9C909,AmdFabricPhxSmm
9221315B-30BB-46B5-813E-1B1BF4712BD3,NVRAM external defaults
6B844C5B-6B75-42CA-8E8E-1CB94412B59B,TcgPeiplatform
DACF705C-71DF-497D-AABE-10186B2E1DDE,Recovery
851D895C-2212-4D81-8316-18D7C13E5F60,AmdHspFtpmDxe
85B79D5D-EAAD-4A85-BA28-03D1362E668D,FchI2cMasterPei
D5270D5E-D6B2-ABF2-9B5D-9C97E564F4BC,Smart80PortDxe
E90A7B5E-37B2-43E4-B281-4C8E349045E9,ReFlashSmm
5C0DFC5E-B4CB-4484-B768-260D7184FB58,AmdCcxZen4Smm
1DE2AB60-EB98-4D6B-9DCE-A7EF2202B33E,AmdAgesaParameterGroupPei
1DE2AB60-EB98-4D6B-9DCE-A7EF2202B3AE,AmdAgesaParameterGroupPei
4C8BDF60-2085-4577-8A46-96CB180967BC,Tpm20Acpi
58B35361-8922-41BC-B313-EF7ED9ADFDF7,SecMigrationPei
2BA68B61-A814-4B89-87D1-66FFC5ABD564,PostLedControlDxe
95BA4462-7EF0-49A3-9702-6896C39E414C,CbsSetupDxePHX
348C4D62-BFBD-4882-9ECE-C80BB1C4783B,HiiDatabase
55987E62-1DF6-41D1-9062-334FCAC3E54D,GraphicsSplitter
E9DD7F62-25EC-4F9D-A4AB-AAD20BF59A10,StatusCodePei
6B85F263-F584-44F8-BB5D-F02C40795D8E,SmmTcgStorageSec
AE265864-CF5D-41A8-913D-71C155E76442,CpuIoPei
CEF68C66-06AB-4FB3-A3ED-5FFA885B5725,SmbiosBoard
34DF9766-19C0-44BD-BA4F-D2006A0C3DA5,CbsSetupSmmRPL
C8F6D366-DDF1-4960-9D57-82F2655A1294,AodPei
8A867F67-89D8-4134-BBBD-64BBAA5256F5,AmdCpmI2cDxe
3F27C867-4720-4537-8D0C-20F32FF30C04,AmdMcaZen4Dxe
1A7E4468-2F55-4A56-903C-01265EB7622B,TcpDxe
59216A68-0664-4293-82E6-5DCF4F99A06F,AmdCpmUcsiPeim
11726D68-F147-48DF-AB16-0489818BD570,AmiHpetTimer
F5D16B69-80C9-F8A0-C28D-ADC6F0D71370,AmdMemSmbiosV2RplPei
CD1C556B-62BF-4EEC-8E73-7731F8E847B2,AmdCpmGpioInitSmm
BA28936B-4051-48CF-A5CD-B63D7BFCA84A,SmBusDxe
0D1CE46B-72D9-4BA7-95DA-23511865E661,CryptoPei
50F6096D-7C98-4C78-9A1D-C5A1833B6A88,AmiTcgNvflagSample
7EB7126D-C45E-4BD0-9357-7F507C5C9CF9,RomLayoutPei
2817F36D-AC34-4CD4-9BBA-B22DBD100DCD,SkSmi
8624F36D-6DE0-44C3-8322-74AD419D3A90,AmdErrorLogDxe
D4F9FE6D-1696-462A-AC07-C009D1A0189A,IdeConfigSetup
D919136E-865C-4B10-B099-5D897CFEDE08,AmdCpmInitPeim
7172526E-F691-4B01-AE22-A19FCC35F651,FchTacomaDsdt
7750576E-EBB3-454B-887C-6521B3CD34A5,AmdMemoryHobInfoPeim
B65F896E-6E6D-4D5A-8BCE-2E458E971D6C,AmdPspPeiV2Rpl
4E948E6E-1E37-4D26-8CE5-7432FAFE4C96,SkSpdTransferPei
01CF676F-6F01-4FA3-9789-B6322D890394,AmdCcxZen4Pei
EC3A9E6F-9691-4D84-B00D-3E55472807EA,AmdFabricRplPei
7A54B36F-F745-462C-B11F-16E03E52B617,SkSpdTransferDxe
858EBE6F-360F-415B-B7DC-463AAEB03412,TcgLegacy
A9626A70-A4AC-4B9B-8396-8C931E11904F,AmdCpmPmfDxe
DCDED170-9AAD-4E64-BDD1-F55FA86E75B1,ApobPhxDxe
FE612B72-203C-47B1-8560-A66D946EB371,AMITSESetupData
369DE372-AB36-4CE1-8E45-8806B76DD70F,PspResource
ADB99273-4FA6-4943-BBBF-565E7CFE9004,AmdFabricRplDxe
A210F973-229D-4F4D-AA37-9895E6C9EABA,DpcDxe
177B2C74-9674-45F4-AAEB-43F5506AE0FE,SkPostMessageDxe
92ABFB76-D724-4585-A513-EB5FF3EB1C5D,AmdCpmSharedBPei
52715B77-04A5-487A-B980-CDC371B5BEC8,SkPostErrPei
1C8B7F78-1699-40E6-AF33-9B995D16B043,PiSmmCommunicationPei
2F8B0F79-3FD1-49C2-BA96-F3FDF9AA140C,SkPostPlatfromErrDxe
729B3079-8913-4E12-AFEF-2CA264799469,AmdAcpiDxe
C0696C7B-5959-423F-9454-5B6A47E2356C,BaseBoardSmi
AA1AA47C-3668-4F75-B51B-0C1C6499764C,AmiGetPstatesZen4
BD161D7D-C946-4FD9-8F01-C6B77BA5FE0D,AmiGetPstatesZen5
AD3D267D-50E1-4B94-95D3-1025EF5B8391,SecFlashUpdDXE
628A497D-2BF6-4264-8741-069DBD3399D6,ConSplitter
CC9F5B7E-254B-4F8A-A648-034A40AEDA35,PlatformCustomizePei
E2AA867F-70DE-492A-B25A-77B3055024CB,CbsBaseDxePHX
D6A2CB7F-6A18-4E2F-B43B-9920A733700A,DxeCore
37A01080-2346-4A54-9900-D22B7B687C22,SmmPciRbIo
395B0181-C9B9-4E2E-A82E-6B0D027119F9,AmdCcxZen5Smm
19F00F81-D020-457A-AEB2-BACB2064DC35,PostLedControlPei
EBF32B81-B631-4271-BC69-E22AE2B3707C,SkOcDxe
0718AD81-F26A-4850-A6EC-F268E309D707,Tpm20PlatformDxe
8F4B8F82-9B91-4028-86E6-F4DB7D4C1DFF,Bds
2709A182-0DDA-4A91-BA53-11032B713633,AmiPspOfbd
C96C3984-429E-4FAD-8A61-C1E86BA43BF8,AmdNbioIOMMUDxe
A6442A85-7E2A-4A4F-B26B-98E1E64C221F,AmdMpmSensor
AEC7B585-9AFC-400B-A8C5-78E135EFF845,ApobRplDxe
EEE4E585-0585-4091-A89F-CAB51F6FCF3E,FchYuntaiPei
1A1E4886-9517-440E-9FDE-3BE44CEE2136,CpuDxe
79AA6086-035A-4AD9-A89A-A6D5AA27F0E2,NbPei
6141E486-7543-4F1A-A579-FF532ED78E75,ResetSystemPei
69110D87-9BB3-47FC-B412-22E4F135AE38,AmdCpmMemEyeToolDxe
17F76387-DE12-4E59-A107-485BB133B4D6,SecureBioDxe
733A7387-B758-443C-B880-E1EA51497252,AmdCpmSharedBDxe
EE911B88-39E3-4F56-B94C-64FFF5B53A3B,AmdCpmABRecoveryPeim
CE7E8F88-9D27-46C9-B633-21F8B8712071,BaseBoardPei
31AD0D89-75B3-4CF3-A1C2-877394EDC601,AmdNbioIOMMURPLPei
4DF53F89-D421-4F9D-8392-BE3BECC6288E,AhciInt13Dxe
B824EA89-8BF6-4ED5-9858-53B274F6111F,SkOcRplDxe
3237418A-478C-4700-B59F-768E2CCBC726,CmosDxe
2785ED8A-795F-43A1-AE2D-6BFFECCBA646,AcpiUpdateCpuInfo
FA20568B-548B-4B2B-81EF-1BA08D4A3CEC,BootScriptExecutorDxe
00160F8D-2B35-4DF2-BBE0-B272A8D631F0,FirmwarePerformanceDxe
88F6ED8D-7D6E-40EB-84B4-D66FBDDCE5C0,AmdMemSmbiosV2PhxPei
99B0F38D-1F27-4F46-9F44-42D694722882,AmdCpmMemEyeToolSmm
B9B0F38D-1F27-4F46-9F44-42D694729882,AmdCpmOemSmm
34989D8E-930A-4A95-AB04-2E6CFDFF6631,TcgPei
A2AA0A8F-43D5-4B21-A26B-5D02476AD457,AmdCcxZen5Pei
56FC768F-B603-4454-8083-BFE98D6084F9,GnbPei
C681ED8F-FC2E-41A4-8F3F-2C2A1961A81B,FchProm21Pei
0C375A90-4C4C-4428-8EA0-531BE8959BF7,FlashDriverSmm
8E09C390-1B30-415E-AF5C-D42AB0160F8C,AmiCbsDxe
B7D19491-E55A-470D-8508-85A5DFA41974,SbDxe
76D5CF91-0C55-434E-97C2-D2825C82E610,OA3
529D3F93-E8E9-4E73-B1E1-BDF6A9D50113,ArpDxe
87C3E993-B28D-4226-89C9-120DBC92ACBF,SmBusSmm
4B6E1294-08D2-4131-83E4-14BE9FCD42C1,AmdMemRestorePei
75472C94-6221-4CF2-9EC7-1462CB726B1B,AmdSocAm5PhxDxe
57E56594-CE95-46AD-9531-3C49310CA7CE,Ofbd
3780B594-32A4-4593-B8CE-8A3F404F61F4,PlatformToDriver
CAC3FB95-33F5-4596-818B-68E024DDB67B,IsSecRecoveryPEI
D4395796-6F4C-4C6B-B9D1-92DAA7199A84,AmiRedFishApi
E566B097-4378-485F-91D0-1C097C190CE2,PowerButton
67451698-1825-4AC5-999D-F350CC7D5D72,CryptoPPI
679E3A98-341D-464F-8D78-3CE744F0BEB7,FchYuntaiSsdt
C0A8BD98-DED0-4313-9970-6FE2794CD157,AmdCpmOemInitPeim
99F03B99-98D8-49DD-A8D3-3219D0FFE41E,Mtftp6Dxe
0135229A-EBB5-4A21-957D-1D20057CF751,TCMPEI
0135229A-EBB5-4A21-957D-1D20057CF752,TCMDXE
7721929A-D56A-450D-2501-8EA51FA61974,SbCmos
2486829B-D3F3-47EC-827A-FC104907FC5C,SmmGenericSio
DE3E049C-A218-4891-7469-4FC0AE853298,AmdCpmGpioInitPeim
DE3E049C-A218-4891-8658-4FC0AE853298,AmdCpmDisplayFeaturePeim
34891F9C-54DA-44EA-8313-CAB8AAB1BD0C,FchProm21SsdtDxe
DE3D7A9C-A218-4891-7469-4FC0AE853298,AmdCpmPcieInitPeim
671AC69C-AF3A-47F1-884F-A4B04B257057,AmdPspPeiV2Phx
A5A6C69C-B50F-4157-801C-4ED786A55370,AmdCcxZen4Dxe
75BA309D-5DFD-49BF-ACE8-28B39B52BDF7,CbsBasePeiRPL
95E3669D-34BE-4775-A651-7EA41B69D89E,Dhcp6Dxe
EDADEB9D-DDBA-48BD-9D22-C1C169C8C5C6,CpuMpPei
21891A9E-763E-4377-8841-8D5C90D88C51,NetworkStackSetupScreen
1FA1F39E-FEFF-4AAE-BD7B-38A070A3B609,PartitionDxe
968C1D9F-80C4-43B7-8CAE-668AA56C4E71,SmbiosPeim
4F1F379F-2A62-48BB-AC34-D3F135C6E2B7,PcatSingleSegmentPciCfg2Pei
3C1DE39F-D207-408A-AACC-731CFB7F1DD7,PciBus
4D3708A0-6D9B-47D3-AD87-E80C781BC0A7,AmdApcbDxeV3
613799A1-77E6-4ECE-9ADA-D862F54A5AD6,ApobGnrDxe
04EAAAA1-29A1-11D7-8838-00500473D4EB,UsbRtSmm
510DF6A1-B6C1-4948-AEE7-59F220F898BD,SataController
E53734A3-E594-4C25-B1A2-081445650F7F,SmmChildDispatcher2
AFB436A3-CE6E-4106-BFA8-ECF7EB1B6486,SkPttDxe
5E9CABA3-F2B1-497A-ADAC-24F575E9CDE9,TcgDxe
CEF5B9A3-476D-497F-9FDC-E98143E0422C,NVAR store
BCFEEAA3-F3BC-4196-B9A6-AE569A6C0033,SmuV13Pei
A51BC7A4-0ED6-44C2-B5FB-B86FDE077DE1,AmiSetupNVLockDxe
D432C4A5-D473-4067-9CF7-02CE92A3CBFD,FchProm21Dxe
750890A6-7ACF-4F4F-81BD-B400C2BEA95A,AcpiModeEnable
F7FDE4A6-294C-493C-B50F-9734553BB757,CapsuleX64
F69BA5A7-BC88-4C62-A277-1C30EDBB658C,AmdSocAm5GnrSmm
18DA03A8-FAE4-410A-A8C2-34C91913F515,AmdPspIntrusionDetectionSmm
E21F35A8-42FF-4050-82D6-93F7CDFA7073,PiSmmCommunicationSmm
BE216BA8-38C4-4535-A6CA-5DCA5B43ADDF,SmiVariable
15CF24A9-F9AB-46D0-8DCF-83664C632FD8,MemDetect
023B3AA9-098F-4027-B83F-B6407DA06569,AmdPspFtpmDxe
49AEACA9-69BB-4EB2-B5F9-1BF9E2508779,FchTacomaPei
2BB5AFA9-FF33-417B-8497-CB773C2B93BF,CpuPei
BD4759AA-5104-42A3-BC64-785920E86C99,FchProm21GpioSmm
162793AA-0FE7-4010-9818-45F55C5CCC3E,AmdCpmInitDxe
044310AB-77FD-402A-AF1A-87D4120E7329,FirmwarePerformanceSmm
6D6963AB-906D-4A65-A7CA-BD40E5D6AF2B,Udp4Dxe
3115C2AC-27E1-14A9-53CD-AC4734802AD7,AmiPspSetPcdForRecovery
5145C2AC-17E1-44A9-83CD-AC8724805AD2,AmiPspPlatform
B54299AD-B521-4BB8-A361-689249FE72B9,AodSmm
58014AAF-1C4A-4868-9042-58BCD1637054,FchProm21CbsPei
59AF16B0-661D-4865-A381-38DE68385D8D,OpalSecurity
89E549B0-7CFE-449D-9BA3-10D8B2312D71,S3Resume2Pei
EF074CB0-701A-4975-81C1-38F9212BD089,AmdMiniRasServiceDxe
0F9DD4B0-599E-4D66-8565-22FBEA1E028C,AmdFabricPhxPei
C4ECA0B2-5277-4F2B-3ECB-E4175C94812E,AmiExtraS3Memory
E4ECD0B2-E277-4F2B-BECB-E4D75C9A812E,NbDxe
4FABE8B3-17DF-41E3-8989-D622D4E9EDE4,SkSmartFanProtocol
EC76B3B4-6821-4D4B-A0AB-D28CC27AC439,AmdSmmControl
6B38F7B4-AD98-40E9-9093-ACA2B5A253C4,DiskIoDxe
FEB817B5-5006-4DAD-B3B7-B72E26FF3EC3,SkOnBoardDevicePei
634E8DB5-C432-43BE-A653-9CA2922CC458,Nvme
A838CBB5-59EF-4493-89D0-133C8968905D,CrbSmbios
C3EF34B6-057D-4614-B35D-FD4384FA2391,AmdFabricRplSmm
060644B6-6A7F-4A97-900C-49645DA956D7,FchYuntaiDxe
A8FB59B6-8417-48A1-B565-199849271066,SkVerbTable
2F2295B6-1BB6-4CB7-BB9E-15C2C3424277,PcieSataController
CD3BAFB6-50FB-4FE8-8E4E-AB74D2C1A600,EnglishDxe
2E3AB8B6-AC9D-4D70-A675-54F52FB22D66,AtaPassThru
DD980BB7-9FDA-4A15-BBD2-734E4678B2B1,AmdSocAm5RplPei
440D38B7-E016-49EA-9769-317EF908835D,I2cHcOperation
1A931FB8-C466-454A-B684-73ADA2CB050B,SkPostMessagePei
DC3641B8-2FA8-4ED3-BC1F-F9962A03454B,Mtftp4Dxe
BBB77CB9-762D-436C-AC40-8EE4901C3446,AmdPbsSetupDxe
D9A865BB-D741-4B9B-9216-42870353A51E,OemPei
BDCE85BB-FBAA-4F4E-9264-501A2C249581,S3SaveStateDxe
D912C7BC-F098-4367-92BA-E911083C7B0E,Udp6Dxe
BC3245BD-B982-4F55-9F79-056AD7E987C5,AhciSmm
BC327DBD-B982-4F55-9F79-056AD7E987C5,SmiFlash
699190BD-6456-4286-823C-28E4442DFCAB,AmdMpmPowerSupply
3370A4BD-8C23-4565-A2A2-065FEEDE6080,SecSMIFlash
961C19BE-D1AC-4BA7-87AF-4AE0F09DF2A6,TrEEPei
B2DDC6BE-D2EE-4EF1-992C-2CD695115DA3,AmdCpmOemInitPeim
B2DDC6BE-D2EE-4EF1-992C-2CD695115DAF,AmdCpmOemInitPeim
3ACEB0C0-3C72-11E4-9A56-74D435052646,TlsDxe
855D6DC1-9FE8-42E0-9F76-50C2E2DD2E06,AmdPspDxeV2Rpl
E218F8C1-0517-4D90-9A60-3B796EA0FA4C,SkFlash
DB2492C2-AB75-42A7-AD2F-82005C138AE8,SkSioRtcTimerDxe
2ED4D0C3-809D-40A0-AEF6-52D683C86F23,SkPttPei
B601F8C4-43B7-4784-95B1-F4226CB40CEE,RuntimeDxe
2AD511C7-1B60-4002-841D-2998DDC138EE,CryptoSMM
F29729C7-B759-4B5C-B134-07FC40AC3CD2,Raid
025BBFC7-E6A9-4B8B-82AD-6815A1AEAF4A,MnpDxe
07D1E0C7-1262-481F-95C0-3E05DA38F766,FchTacomaSmmInit
4B28E4C7-FF36-4E10-93CF-A82159E777C5,ResetSystemRuntimeDxe
B6993DC9-A51D-47E2-8EA1-BA1D80CCA822,FchSmmDiagDispatcher
16271FCA-55D9-4A33-93FC-5A3EB128DEB6,CrbDxe
DB08F6CA-3048-4CD8-9B1F-20BED33ECFE7,StatusCodeSmm
279D52CB-5BD9-4BF7-99ED-5D365F73BEBB,AmdMiniRasRplServiceDxe
3FE065CB-D837-35BA-B91B-B1AAA971C8EE,AmdMemMcsrUserPreferenceDxe
9A83BECB-9354-482C-A316-E2ADE07D1ABC,AmdMemRestoreDxeV2
5BEDB5CC-D830-4EB2-8742-2D4CC9B54F2C,Ip6Dxe
EA7BF2CC-F154-4CC4-A725-6382C701FBFE,AmdMemSmbiosV2Dxe
E94F54CD-81EB-47ED-AEC3-856F5DC157A9,PiSmmCore
9B680FCE-AD6B-4F3A-B60B-F59899003443,DevicePathDxe
A9B700CF-019E-4D8B-A3A7-88E1EA01699E,HddSecurity
C99E42D0-4964-4B09-B924-4A59E13E4F04,SbRunSmm
13AC6DD0-73D0-11D4-B06B-00AA00BD6DE7,EbcDxe
4FB2F0D0-7183-4BFC-9E65-11A4031847D2,AmdCpmPlatformOscTableInstall
71ED12D1-250B-42FB-8C17-10DCFA771701,AmiLegacyInterrupt
8EEF9AD2-463E-425F-A4FE-2F6783D6F97E,GenericSio
151664D4-6001-478F-8C97-C51420FC2B75,FchI2cMasterDxe
907303D5-394D-4E7C-A430-7B6A764BDC3C,AmdNbioPcieDxe
D55319D5-6EDC-43E2-985B-F656E5B5153C,AmdFabricPhxDxe
9B3F28D5-10A6-46C8-BA72-BD40B847A71A,AmiTcgPlatformPeiAfterMem
899407D7-99FE-43D8-9A21-79EC328CAC21,Setup
279851D7-65A8-4009-A5B8-1F56BAB7E99D,AmdMemAm5Dxe
59242DD8-E7CF-4979-B60E-A6067E2A185F,LegacyRegion
822A31D8-0AA7-415D-BEEF-C5C896509C50,BctBaseSmmPHX
196CA3D8-9A5A-4735-B328-8FFC1D93D188,TcgPlatformSetupPolicy
F3FDA9D8-4EE5-44D8-8E49-AFAA77B5FC51,AmdSocAm5GnrPei
E59BCFD8-6887-4724-84DC-FEE2EDE230D0,AmdCpmPciHotPlugInitDxe
A47EE2D8-F60E-42FD-8E58-7BD65EE4C29B,CpuIo2Smm
C779F6D8-7113-4AA1-9648-EB1633C7D53B,CapsulePei
4C006CD9-19BA-4617-8483-609194A1ACFC,UsbInt13
E5E2C9D9-5BF5-497E-8860-94F81A09ADE0,NvmeSmm
B95E9FDA-26DE-48D2-8807-1F9107AC5E3A,UefiPxeBcDxe
2FA2A6DA-11D5-4DC3-999A-749648B03C56,PiSmmIpl
391626DB-3CEC-4339-A3D6-9CDFF4690E12,PrepareWhiteListSmm
171F43DC-C4D9-47A6-9641-65DDCDD5AA30,UsbRtDxe
8ED25ADD-7C2D-4326-9186-85CCF74C79F6,TcgStorageSecurityPei
43E7ABDD-E352-4CFB-A230-4CDC1D350E5C,GraphicsConsole
B1DA0ADF-4F77-4070-A88E-BFFE1C60529A,AMITSE
E03ABADF-E536-4E88-B3A0-B77F78EB34FE,CpuDxe
E23F86E1-056E-4888-B685-CFCD67C179D4,SbRun
9521A9E1-759B-48F6-96A1-EB7B8997243E,AmdSocAm5GnrDxe
FD93F9E1-3C73-46E0-B7B8-2BBA3F718F6C,TcgSmm
6C77FAE1-A934-457A-982E-BCC12F9717AD,AmdPspIntrusionDetectionPei
8F3F1DE2-2FE4-4D5C-A8EC-49E8CCA17EBC,RsdpPlus
586032E3-1386-4ECC-B547-EB285E21066D,AmiAgesaPei
A29A63E3-E4E7-495F-8A6A-07738300CBB3,AmiTcgPlatformDxe
C818AAE4-6F82-4AF6-B698-E55073CFB7D3,BaseBoardDxe
2FC61DE6-1791-479C-8A32-7ABB69A4D8D0,AmdPspFtpmPei
CDD36FE6-CF3E-4B06-9241-0C8C45098049,AmdSocAm5RplDxe
FC510EE7-FFDC-11D4-BD41-0080C73C8881,DXE apriori file
A19B1FE7-C1BC-49F8-875F-54A5D542443F,CpuIo2Dxe
EF183CE7-7ED5-4E29-BCDA-524182B4744B,AmdNbioGfxRPLDxe
72938FE7-5DC9-49B4-AAF0-2D23828A3190,DimmTypeDialogDxe
C10194E7-DEB2-4AF4-9EEE-BFFDE4D7D4C7,TimestampDxe
C5FA0EE8-2D81-4202-A021-3DA700B3DEAE,AmdCpmPcieInitDxe
FD7A24E8-B7CC-4172-9F1E-64970BE3EF62,FchTacomaDxe
501F30E9-D14F-47DA-AE60-B101E4189D07,AhciInt13Smm
C99F80E9-4CCC-4F34-AFE7-9194BF121412,GnbSocPhoenixDxe
C99F80E9-4CCC-4F34-AFE7-9194BF123530,GnbSocGraniteRidgeDxe
C99F80E9-4CCC-4F34-AFE7-9194BF123590,GnbSocRaphaelDxe
F80697E9-7FD6-4665-8646-88E33EF71DFC,SecurityStubDxe
57E9EEE9-EB7D-4453-BBF7-6C138BF06458,AmdCpmDisplayFeatureDxe
A2F436EA-A127-4EF8-957C-8048606FF670,SnpDxe
D4926BEA-00A3-40E5-A2B9-C317960F31BF,AmiPspFtpmPei
CE1FD2EA-F80C-4517-8A75-9F7794A1401E,ProjectSmi
00026AEB-F334-4C15-A7F0-E1E897E9FE91,NvmeRecovery
FC4E86EB-AAA2-4EFE-831A-1E66DB3C5970,AmdSmmControl
ED82A5EC-933F-4BC0-BDCD-497FF579D5AF,AgesaCpuWrapperPei
1DACE8EE-CD97-491E-8A0C-305D6437323C,SkOnBoardDeviceDxe
89BB21EF-991D-4EA3-BE7A-1CC78533B17F,PlutonSecurityProcessor
617362EF-CAFF-47D4-A131-E95E4A345751,AmdUsb4Pei
492F48F1-D0EE-41E9-BBE8-92C98A3CB7F1,FchTacomaSsdt
2E13E5F1-B86D-4CF8-990F-243B6B9B8C61,NvmeRaidDxeMpio
D9DDCFF2-215A-480A-AA63-1DF1F5EDBC01,HddSecurityPei
BB8C2CF3-A5E3-49EF-941B-4A01FAC6FD5F,SmiFlashDxe
9FB1A1F3-3B71-4324-B39A-745CBB015FFF,Ip4Dxe
5F46BBF3-DF4B-4794-826A-29217E631412,GnbSocPhoenixPei
5F46BBF3-DF4B-4794-826A-29217E637930,GnbSocGraniteRidgePei
5F46BBF3-DF4B-4794-826A-29217E63794F,GnbSocRaphaelPei
1CA7E5F3-2385-427D-A4AF-F6E28BB8BBEC,AmdMemAm5Pei
AB0A46F4-ED7A-477C-B0E7-E12278E526AC,SkOcRplPei
051274F4-A724-4732-BE00-82793A3D499A,AmdUsb4Dxe
174005F5-3663-4305-9062-904B2BE2D07A,ApobPhxPei
A3FF0EF5-0C28-42F5-B544-8C7DE1E80014,PiSmmCpuDxeSmm
4551F2F5-C684-4F27-936F-C7B04A5C5FF1,SecureBootDXE
ADF01BF6-47D6-495D-B95B-687777807214,FirmwarePerformancePei
3305B3F7-0ACF-49E9-9124-341760F467EB,AmdNbioBaseRplDxe
0D1ED2F7-E92B-4562-92DD-5C82EC917EAE,CrbPei
29CF55F8-B675-4F5D-8F2F-B87A3ECFD063,CsmVideo
95DE95F8-A215-48C3-814A-40F07B925D24,AmdMemRestoreDxe
4E348EF9-F02D-4DFB-847C-FC5CA755E426,FchSmmDispatcher
1CF59BF9-E3F6-4D9D-BB94-8B857278BBC6,GnbDxe
33D6ABF9-6CFB-4FFE-9E68-6FC63FE60252,AmdPspIntrusionDetectionDxe
1DFB7BFA-BF8E-4D11-9766-2FB0D0442310,AmiAgesaDxe
C067DBFA-2C8B-4A7C-921B-28DCB25D9EDA,AmdNbioEarlyPhaseRPLPei
22F64BFB-0D3E-4F83-A58C-E4D1E333120A,NctArgbEFI
7D6DF4FD-3650-4E77-BF3A-84DC988A025C,TcgStorageSecurity
961578FE-B6B7-44C3-AF35-6BC705CD2B1F,Fat
6BC57CFE-5A89-8855-AB88-435E61DA1589,NctArgbDxe
0D8039FF-49E9-4CC9-A806-BB7C31B0BCB0,AmiTpm20PlatformPei
B0EB46FF-DB1D-43F8-8339-B8103A3A1412,PciDxeInit
B0EB46FF-DB1D-43F8-8339-B8103A3A5A30,PciDxeInit
B0EB46FF-DB1D-43F8-8339-B8103A3A5AE8,PciDxeInit
04C988FF-37CB-4D0A-B586-C3064BAE3F5E,EXFAT
04CC88FF-37CB-4D0A-B566-C3064BAE3F5E,NTFS
3A19FBFF-AB92-4004-AD2E-F769F53AAE63,ApobRplPei
